{"cameraMode":{"drawMode":0,"name":"Shaded","section":"Shading Mode"},"sceneLighting":true,"audioPlay":false,"sceneViewState":{"m_AlwaysRefresh":false,"showFog":true,"showSkybox":true,"showFlares":true,"showImageEffects":true,"showParticleSystems":true,"showVisualEffectGraphs":true,"m_FxEnabled":true},"in2DMode":false,"pivot":{"x":-1.1426235437393189,"y":0.2816880941390991,"z":-0.4487323760986328},"rotation":{"x":0.12418262660503388,"y":-0.0038713328540325166,"z":0.00043326723971404135,"w":0.9922909736633301},"size":1.7748897075653077,"orthographic":false}