{"cameraMode":{"drawMode":0,"name":"Shaded","section":"Shading Mode"},"sceneLighting":true,"audioPlay":false,"sceneViewState":{"m_AlwaysRefresh":false,"showFog":true,"showSkybox":true,"showFlares":true,"showImageEffects":true,"showParticleSystems":true,"showVisualEffectGraphs":true,"m_FxEnabled":true},"in2DMode":false,"pivot":{"x":0.8004984855651856,"y":8.93978500366211,"z":-13.751185417175293},"rotation":{"x":-0.019457917660474778,"y":-0.07162000983953476,"z":0.0013070415006950498,"w":-0.9973062872886658},"size":6.104132175445557,"orthographic":false}